frame,time_sec,num_targets,nearest_target_distance_px,normalized_aim_error,crosshair_on_target,reaction_time_ms
0,0.0,1,1099.02,0.317052,0,
1,0.0175,1,1097.17,0.316517,0,
2,0.035,1,1097.43,0.316593,0,
3,0.0525,1,1097.2,0.316528,0,
4,0.07,1,1097.08,0.316492,0,
5,0.0874,1,1097.05,0.316483,0,
6,0.1049,1,1097.21,0.31653,0,
7,0.1224,1,1097.21,0.31653,0,
8,0.1399,1,1097.07,0.316489,0,
9,0.1574,1,1096.78,0.316408,0,
10,0.1749,1,1096.78,0.316406,0,
11,0.1924,1,1096.87,0.316432,0,
12,0.2099,1,1096.81,0.316414,0,
13,0.2273,1,1096.84,0.316423,0,
14,0.2448,1,1096.71,0.316386,0,
15,0.2623,1,1097.02,0.316475,0,
16,0.2798,1,1096.54,0.316337,0,
17,0.2973,1,1096.67,0.316375,0,
18,0.3148,1,1096.59,0.316352,0,
19,0.3323,1,1096.58,0.31635,0,
20,0.3498,1,1096.62,0.316359,0,
21,0.3672,1,1069.99,0.308678,0,
22,0.3847,1,1058.52,0.305368,0,
23,0.4022,2,349.68,0.100877,0,
24,0.4197,2,375.45,0.108311,0,
25,0.4372,2,342.92,0.098928,0,
26,0.4547,3,332.09,0.095803,0,
27,0.4722,2,382.08,0.110225,0,
28,0.4897,2,395.91,0.114213,0,
29,0.5071,1,1035.02,0.298589,0,
30,0.5246,1,1024.01,0.295414,0,
31,0.5421,2,407.12,0.117448,0,
32,0.5596,2,426.46,0.123027,0,
33,0.5771,3,355.27,0.10249,0,
34,0.5946,2,440.14,0.126973,0,
35,0.6121,0,,,0,
36,0.6296,0,,,0,
37,0.647,0,,,0,
38,0.6645,1,594.79,0.171588,0,
39,0.682,2,566.13,0.16332,0,
40,0.6995,2,549.07,0.1584,0,
41,0.717,2,523.01,0.150882,0,
42,0.7345,3,512.83,0.147944,0,
43,0.752,4,483.52,0.139489,0,
44,0.7695,3,464.55,0.134018,0,
45,0.7869,3,442.24,0.127581,0,
46,0.8044,0,,,0,
47,0.8219,0,,,0,
48,0.8394,2,381.16,0.10996,0,
49,0.8569,2,361.68,0.104338,0,
50,0.8744,2,355.08,0.102436,0,
51,0.8919,1,352.93,0.101814,0,
52,0.9094,2,352.58,0.101715,0,
53,0.9268,2,346.43,0.099941,0,
54,0.9443,2,343.14,0.098991,0,
55,0.9618,2,346.63,0.099998,0,
56,0.9793,2,355.28,0.102493,0,
57,0.9968,2,353.57,0.102001,0,
58,1.0143,2,356.14,0.10274,0,
59,1.0318,2,355.13,0.102452,0,
60,1.0493,2,364.25,0.105082,0,
61,1.0667,2,402.76,0.11619,0,
62,1.0842,2,441.44,0.12735,0,
63,1.1017,0,,,0,
64,1.1192,2,548.14,0.15813,0,
65,1.1367,2,569.12,0.164184,0,
66,1.1542,2,582.04,0.16791,0,
67,1.1717,3,609.92,0.175955,0,
68,1.1892,2,901.41,0.260045,0,
69,1.2066,1,909.41,0.262354,0,
70,1.2241,1,928.48,0.267853,0,
71,1.2416,1,937.41,0.270431,0,
72,1.2591,1,953.88,0.275181,0,
73,1.2766,1,963.54,0.277969,0,
74,1.2941,3,795.88,0.2296,0,
75,1.3116,4,817.61,0.235869,0,
76,1.3291,2,824.38,0.237823,0,
77,1.3465,0,,,0,
78,1.364,0,,,0,
79,1.3815,0,,,0,
80,1.399,0,,,0,
81,1.4165,0,,,0,
82,1.434,0,,,0,
83,1.4515,0,,,0,
84,1.469,0,,,0,
85,1.4864,0,,,0,
86,1.5039,0,,,0,
87,1.5214,0,,,0,
88,1.5389,0,,,0,
89,1.5564,0,,,0,
90,1.5739,0,,,0,
91,1.5914,0,,,0,
92,1.6089,0,,,0,
93,1.6263,0,,,0,
94,1.6438,0,,,0,
95,1.6613,1,1226.48,0.353824,0,
96,1.6788,0,,,0,
97,1.6963,2,682.22,0.196812,0,
98,1.7138,0,,,0,
99,1.7313,0,,,0,
100,1.7488,1,1244.92,0.359142,0,
101,1.7662,1,1237.3,0.356944,0,
102,1.7837,1,1015.33,0.29291,0,
103,1.8012,1,1017.22,0.293455,0,
104,1.8187,1,1065.55,0.307398,0,
105,1.8362,0,,,0,
106,1.8537,0,,,0,
107,1.8712,1,1143.9,0.33,0,
108,1.8887,0,,,0,
109,1.9061,1,1097.47,0.316605,0,
110,1.9236,1,953.22,0.274992,0,
111,1.9411,0,,,0,
112,1.9586,1,1318.53,0.380379,0,
113,1.9761,0,,,0,
114,1.9936,0,,,0,
115,2.0111,0,,,0,
116,2.0286,0,,,0,
117,2.046,0,,,0,
118,2.0635,0,,,0,
119,2.081,1,1350.35,0.389557,0,
120,2.0985,0,,,0,
121,2.116,0,,,0,
122,2.1335,0,,,0,
123,2.151,1,1119.77,0.323039,0,
124,2.1685,2,1272.01,0.366958,0,
125,2.1859,0,,,0,
126,2.2034,0,,,0,
127,2.2209,0,,,0,
128,2.2384,0,,,0,
129,2.2559,0,,,0,
130,2.2734,0,,,0,
131,2.2909,1,942.5,0.2719,0,
132,2.3084,0,,,0,
133,2.3258,1,964.72,0.278308,0,
134,2.3433,1,993.43,0.28659,0,
135,2.3608,0,,,0,
136,2.3783,0,,,0,
137,2.3958,1,1037.84,0.299402,0,
138,2.4133,0,,,0,
139,2.4308,0,,,0,
140,2.4483,0,,,0,
141,2.4657,0,,,0,
142,2.4832,0,,,0,
143,2.5007,0,,,0,
144,2.5182,0,,,0,
145,2.5357,0,,,0,
146,2.5532,0,,,0,
147,2.5707,0,,,0,
148,2.5882,1,1077.83,0.31094,0,
149,2.6056,1,1029.23,0.29692,0,
150,2.6231,1,1033.04,0.298018,0,
151,2.6406,0,,,0,
152,2.6581,0,,,0,
153,2.6756,0,,,0,
154,2.6931,0,,,0,
155,2.7106,0,,,0,
156,2.7281,0,,,0,
157,2.7455,0,,,0,
158,2.763,0,,,0,
159,2.7805,0,,,0,
160,2.798,0,,,0,
161,2.8155,0,,,0,
162,2.833,0,,,0,
163,2.8505,0,,,0,
164,2.868,0,,,0,
165,2.8854,0,,,0,
166,2.9029,1,1070.24,0.308749,0,
167,2.9204,0,,,0,
168,2.9379,0,,,0,
169,2.9554,0,,,0,
170,2.9729,0,,,0,
171,2.9904,0,,,0,
172,3.0079,0,,,0,
173,3.0253,0,,,0,
174,3.0428,0,,,0,
175,3.0603,0,,,0,
176,3.0778,0,,,0,
177,3.0953,1,1066.68,0.307722,0,
178,3.1128,1,1067.19,0.30787,0,
179,3.1303,0,,,0,
180,3.1478,0,,,0,
181,3.1652,0,,,0,
182,3.1827,0,,,0,
183,3.2002,0,,,0,
184,3.2177,1,1077.56,0.310862,0,
185,3.2352,0,,,0,
186,3.2527,0,,,0,
187,3.2702,0,,,0,
188,3.2877,1,1066.76,0.307747,0,
189,3.3051,2,66.53,0.019193,1,17.49
190,3.3226,2,66.59,0.019211,1,17.49
191,3.3401,1,1076.2,0.31047,0,17.49
192,3.3576,1,1078.18,0.311041,0,17.49
193,3.3751,1,1078.41,0.311106,0,17.49
194,3.3926,2,58.58,0.016901,1,17.49
195,3.4101,0,,,0,
196,3.4276,0,,,0,
197,3.445,0,,,0,
198,3.4625,0,,,0,
199,3.48,0,,,0,
200,3.4975,0,,,0,
201,3.515,0,,,0,
202,3.5325,1,83.28,0.024026,0,
203,3.55,1,77.24,0.022283,0,
204,3.5675,1,83.41,0.024061,0,
205,3.5849,0,,,0,
206,3.6024,0,,,0,
207,3.6199,0,,,0,
208,3.6374,1,81.77,0.023589,0,
209,3.6549,0,,,0,
210,3.6724,0,,,0,
211,3.6899,0,,,0,
212,3.7074,0,,,0,
213,3.7248,0,,,0,
214,3.7423,0,,,0,
215,3.7598,0,,,0,
216,3.7773,0,,,0,
217,3.7948,0,,,0,
218,3.8123,0,,,0,
219,3.8298,0,,,0,
220,3.8473,0,,,0,
221,3.8647,0,,,0,
222,3.8822,0,,,0,
223,3.8997,0,,,0,
224,3.9172,0,,,0,
225,3.9347,0,,,0,
226,3.9522,1,1115.02,0.321669,0,
227,3.9697,0,,,0,
228,3.9872,1,1098.52,0.316908,0,
229,4.0046,0,,,0,
230,4.0221,1,1079.31,0.311367,0,
231,4.0396,1,1080.22,0.31163,0,
232,4.0571,2,1062.45,0.306502,0,
233,4.0746,1,1055.74,0.304566,0,
234,4.0921,1,1059.59,0.305676,0,
235,4.1096,0,,,0,
236,4.1271,0,,,0,
237,4.1445,0,,,0,
238,4.162,1,1035.1,0.298611,0,
239,4.1795,0,,,0,
240,4.197,0,,,0,
241,4.2145,0,,,0,
242,4.232,0,,,0,
243,4.2495,0,,,0,
244,4.267,0,,,0,
245,4.2844,0,,,0,
246,4.3019,0,,,0,
247,4.3194,0,,,0,
248,4.3369,0,,,0,
249,4.3544,0,,,0,
250,4.3719,1,1028.13,0.296602,0,
251,4.3894,1,1059.8,0.305739,0,
252,4.4069,1,1103.19,0.318255,0,
253,4.4243,0,,,0,
254,4.4418,0,,,0,
255,4.4593,0,,,0,
256,4.4768,0,,,0,
257,4.4943,0,,,0,
258,4.5118,0,,,0,
259,4.5293,1,1111.72,0.320715,0,
260,4.5468,0,,,0,
261,4.5642,0,,,0,
262,4.5817,0,,,0,
263,4.5992,0,,,0,
264,4.6167,0,,,0,
265,4.6342,0,,,0,
266,4.6517,0,,,0,
267,4.6692,0,,,0,
268,4.6867,0,,,0,
269,4.7041,0,,,0,
270,4.7216,0,,,0,
271,4.7391,1,579.65,0.167222,0,
272,4.7566,1,592.52,0.170934,0,
273,4.7741,0,,,0,
274,4.7916,0,,,0,
275,4.8091,0,,,0,
276,4.8266,0,,,0,
277,4.844,0,,,0,
278,4.8615,0,,,0,
279,4.879,0,,,0,
280,4.8965,0,,,0,
281,4.914,0,,,0,
282,4.9315,0,,,0,
283,4.949,0,,,0,
284,4.9665,0,,,0,
285,4.9839,0,,,0,
286,5.0014,0,,,0,
287,5.0189,0,,,0,
288,5.0364,0,,,0,
289,5.0539,0,,,0,
290,5.0714,0,,,0,
291,5.0889,0,,,0,
292,5.1064,0,,,0,
293,5.1238,0,,,0,
294,5.1413,0,,,0,
295,5.1588,0,,,0,
296,5.1763,0,,,0,
297,5.1938,0,,,0,
298,5.2113,0,,,0,
299,5.2288,1,1080.11,0.311598,0,
300,5.2463,0,,,0,
301,5.2637,0,,,0,
302,5.2812,1,1076.22,0.310474,0,
303,5.2987,1,1083.45,0.312562,0,
304,5.3162,1,1080.57,0.311729,0,
305,5.3337,0,,,0,
306,5.3512,0,,,0,
307,5.3687,0,,,0,
308,5.3862,0,,,0,
309,5.4036,0,,,0,
310,5.4211,0,,,0,
311,5.4386,0,,,0,
312,5.4561,0,,,0,
313,5.4736,0,,,0,
314,5.4911,0,,,0,
315,5.5086,0,,,0,
316,5.5261,0,,,0,
317,5.5435,0,,,0,
318,5.561,0,,,0,
319,5.5785,1,1425.47,0.411229,0,
320,5.596,1,1416.05,0.408512,0,
321,5.6135,1,1403.65,0.404935,0,
322,5.631,1,1384.04,0.399277,0,
323,5.6485,1,1378.96,0.397812,0,
324,5.666,1,1298.3,0.374541,0,
325,5.6834,1,1282.08,0.369864,0,
326,5.7009,1,1216.26,0.350876,0,
327,5.7184,0,,,0,
328,5.7359,0,,,0,
329,5.7534,0,,,0,
330,5.7709,1,1007.91,0.29077,0,
331,5.7884,0,,,0,
332,5.8059,2,952.84,0.274882,0,
333,5.8233,1,992.86,0.286428,0,
334,5.8408,1,970.31,0.279922,0,
335,5.8583,0,,,0,
336,5.8758,0,,,0,
337,5.8933,0,,,0,
338,5.9108,0,,,0,
339,5.9283,1,487.24,0.140562,0,
340,5.9458,2,479.1,0.138213,0,
341,5.9632,0,,,0,
342,5.9807,1,1097.88,0.316725,0,
343,5.9982,0,,,0,
344,6.0157,1,1096.48,0.31632,0,
345,6.0332,0,,,0,
346,6.0507,0,,,0,
347,6.0682,0,,,0,
348,6.0857,0,,,0,
349,6.1032,0,,,0,
350,6.1206,0,,,0,
351,6.1381,0,,,0,
352,6.1556,0,,,0,
353,6.1731,0,,,0,
354,6.1906,0,,,0,
355,6.2081,1,1125.33,0.324642,0,
356,6.2256,1,1129.79,0.325928,0,
357,6.2431,0,,,0,
358,6.2605,0,,,0,
359,6.278,0,,,0,
360,6.2955,1,1101.21,0.317683,0,
361,6.313,1,1029.77,0.297074,0,
362,6.3305,1,1078.25,0.31106,0,
363,6.348,1,1030.85,0.297387,0,
364,6.3655,1,1023.57,0.295285,0,
365,6.383,1,1023.4,0.295236,0,
366,6.4004,1,1025.76,0.295917,0,
367,6.4179,1,1026.28,0.296068,0,
368,6.4354,0,,,0,
369,6.4529,1,1019.43,0.294091,0,
370,6.4704,0,,,0,
371,6.4879,1,1021.65,0.294732,0,
372,6.5054,1,1016.4,0.293216,0,
373,6.5229,1,1022.82,0.29507,0,
374,6.5403,0,,,0,
375,6.5578,0,,,0,
376,6.5753,0,,,0,
377,6.5928,0,,,0,
378,6.6103,0,,,0,
379,6.6278,0,,,0,
380,6.6453,0,,,0,
381,6.6628,0,,,0,
382,6.6802,0,,,0,
383,6.6977,0,,,0,
384,6.7152,0,,,0,
385,6.7327,0,,,0,
386,6.7502,0,,,0,
387,6.7677,0,,,0,
388,6.7852,0,,,0,
389,6.8027,0,,,0,
390,6.8201,0,,,0,
391,6.8376,0,,,0,
392,6.8551,1,1080.44,0.311693,0,
393,6.8726,1,1093.78,0.31554,0,
394,6.8901,1,1097.49,0.316611,0,
395,6.9076,0,,,0,
396,6.9251,0,,,0,
397,6.9426,0,,,0,
398,6.96,0,,,0,
399,6.9775,0,,,0,
400,6.995,0,,,0,
401,7.0125,0,,,0,
402,7.03,0,,,0,
403,7.0475,0,,,0,
404,7.065,0,,,0,
405,7.0825,0,,,0,
406,7.0999,0,,,0,
407,7.1174,0,,,0,
408,7.1349,0,,,0,
409,7.1524,0,,,0,
410,7.1699,0,,,0,
411,7.1874,0,,,0,
412,7.2049,0,,,0,
413,7.2224,0,,,0,
414,7.2398,0,,,0,
415,7.2573,1,1111.62,0.320688,0,
416,7.2748,0,,,0,
417,7.2923,0,,,0,
418,7.3098,1,1117.1,0.322268,0,
419,7.3273,1,1114.72,0.321583,0,
420,7.3448,0,,,0,
421,7.3623,0,,,0,
422,7.3797,0,,,0,
423,7.3972,1,1121.18,0.323445,0,
424,7.4147,1,1125.08,0.324569,0,
425,7.4322,1,1130.83,0.326229,0,
426,7.4497,1,1126.3,0.324921,0,
427,7.4672,1,1121.01,0.323397,0,
428,7.4847,1,121.51,0.035055,0,
429,7.5022,0,,,0,
430,7.5196,0,,,0,
431,7.5371,0,,,0,
432,7.5546,0,,,0,
433,7.5721,0,,,0,
434,7.5896,0,,,0,
435,7.6071,0,,,0,
436,7.6246,0,,,0,
437,7.6421,0,,,0,
438,7.6595,0,,,0,
439,7.677,0,,,0,
440,7.6945,0,,,0,
441,7.712,0,,,0,
442,7.7295,0,,,0,
443,7.747,0,,,0,
444,7.7645,0,,,0,
445,7.782,0,,,0,
446,7.7994,0,,,0,
447,7.8169,0,,,0,
448,7.8344,0,,,0,
449,7.8519,0,,,0,
450,7.8694,0,,,0,
451,7.8869,0,,,0,
452,7.9044,0,,,0,
453,7.9219,0,,,0,
454,7.9393,0,,,0,
455,7.9568,0,,,0,
456,7.9743,0,,,0,
457,7.9918,0,,,0,
458,8.0093,0,,,0,
459,8.0268,0,,,0,
460,8.0443,0,,,0,
461,8.0618,1,1085.98,0.31329,0,
462,8.0792,0,,,0,
463,8.0967,1,1082.62,0.31232,0,
464,8.1142,0,,,0,
465,8.1317,0,,,0,
466,8.1492,0,,,0,
467,8.1667,0,,,0,
468,8.1842,0,,,0,
469,8.2017,1,1027.46,0.296408,0,
470,8.2191,0,,,0,
471,8.2366,0,,,0,
472,8.2541,0,,,0,
473,8.2716,0,,,0,
474,8.2891,0,,,0,
475,8.3066,0,,,0,
476,8.3241,0,,,0,
477,8.3416,0,,,0,
478,8.359,0,,,0,
479,8.3765,0,,,0,
480,8.394,0,,,0,
481,8.4115,0,,,0,
482,8.429,0,,,0,
483,8.4465,0,,,0,
484,8.464,0,,,0,
485,8.4815,0,,,0,
486,8.4989,0,,,0,
487,8.5164,0,,,0,
488,8.5339,0,,,0,
489,8.5514,1,1088.86,0.314123,0,
490,8.5689,0,,,0,
491,8.5864,0,,,0,
492,8.6039,0,,,0,
493,8.6214,1,1098.41,0.316877,0,
494,8.6388,0,,,0,
495,8.6563,1,1095.56,0.316055,0,
496,8.6738,1,1101.18,0.317676,0,
497,8.6913,1,1095.3,0.31598,0,
498,8.7088,1,1092.65,0.315214,0,
499,8.7263,1,1087.24,0.313653,0,
500,8.7438,1,1087.78,0.313809,0,
501,8.7613,1,1077.54,0.310856,0,
502,8.7787,1,1092.56,0.315189,0,
503,8.7962,0,,,0,
504,8.8137,0,,,0,
505,8.8312,1,1104.63,0.318672,0,
506,8.8487,0,,,0,
507,8.8662,0,,,0,
508,8.8837,0,,,0,
509,8.9012,0,,,0,
510,8.9186,0,,,0,
511,8.9361,1,318.54,0.091894,0,
512,8.9536,0,,,0,
513,8.9711,0,,,0,
514,8.9886,0,,,0,
515,9.0061,0,,,0,
516,9.0236,0,,,0,
517,9.0411,0,,,0,
518,9.0585,0,,,0,
519,9.076,0,,,0,
520,9.0935,0,,,0,
521,9.111,0,,,0,
522,9.1285,0,,,0,
523,9.146,0,,,0,
524,9.1635,0,,,0,
525,9.181,0,,,0,
526,9.1984,1,329.67,0.095107,1,0.0
527,9.2159,0,,,0,
528,9.2334,1,402.21,0.116032,1,0.0
529,9.2509,0,,,0,
530,9.2684,0,,,0,
531,9.2859,1,134.82,0.038894,0,
532,9.3034,0,,,0,
533,9.3209,0,,,0,
534,9.3383,0,,,0,
535,9.3558,0,,,0,
536,9.3733,0,,,0,
537,9.3908,0,,,0,
538,9.4083,0,,,0,
539,9.4258,0,,,0,
540,9.4433,0,,,0,
541,9.4608,0,,,0,
542,9.4782,0,,,0,
543,9.4957,0,,,0,
544,9.5132,0,,,0,
545,9.5307,0,,,0,
546,9.5482,0,,,0,
547,9.5657,0,,,0,
548,9.5832,0,,,0,
549,9.6007,0,,,0,
550,9.6181,0,,,0,
551,9.6356,0,,,0,
552,9.6531,0,,,0,
553,9.6706,0,,,0,
554,9.6881,0,,,0,
555,9.7056,1,1102.49,0.318053,0,
556,9.7231,0,,,0,
557,9.7406,1,1106.37,0.319173,0,
558,9.758,1,1116.82,0.322188,0,
559,9.7755,1,1142.67,0.329644,0,
560,9.793,1,1159.68,0.334551,0,
561,9.8105,1,1166.11,0.336408,0,
562,9.828,1,1166.93,0.336642,0,
563,9.8455,1,1156.72,0.333698,0,
564,9.863,1,1116.95,0.322227,0,
565,9.8805,1,1112.63,0.320978,0,
566,9.8979,1,1100.87,0.317586,0,
567,9.9154,0,,,0,
568,9.9329,0,,,0,
569,9.9504,0,,,0,
570,9.9679,1,1090.56,0.314611,0,
571,9.9854,0,,,0,
572,10.0029,0,,,0,
573,10.0204,0,,,0,
574,10.0378,0,,,0,
575,10.0553,0,,,0,
576,10.0728,0,,,0,
577,10.0903,0,,,0,
578,10.1078,0,,,0,
579,10.1253,0,,,0,
580,10.1428,0,,,0,
581,10.1603,0,,,0,
582,10.1777,1,169.51,0.0489,0,
583,10.1952,0,,,0,
584,10.2127,0,,,0,
585,10.2302,1,873.57,0.252014,0,
586,10.2477,0,,,0,
587,10.2652,0,,,0,
588,10.2827,0,,,0,
589,10.3002,0,,,0,
590,10.3176,0,,,0,
591,10.3351,0,,,0,
592,10.3526,0,,,0,
593,10.3701,0,,,0,
594,10.3876,1,1135.1,0.32746,0,
595,10.4051,0,,,0,
596,10.4226,1,1187.98,0.342716,0,
597,10.4401,1,1099.0,0.317047,0,
598,10.4575,1,1095.75,0.316109,0,
599,10.475,1,1092.87,0.315278,0,
600,10.4925,1,1077.35,0.3108,0,
601,10.51,1,1055.82,0.304591,0,
602,10.5275,1,1036.33,0.298968,0,
603,10.545,0,,,0,
604,10.5625,0,,,0,
605,10.58,1,116.07,0.033484,1,0.0
606,10.5974,1,133.3,0.038456,0,0.0
607,10.6149,1,134.87,0.038908,0,0.0
608,10.6324,0,,,0,
609,10.6499,0,,,0,
610,10.6674,0,,,0,
611,10.6849,0,,,0,
612,10.7024,0,,,0,
613,10.7199,0,,,0,
614,10.7373,2,170.03,0.04905,0,
615,10.7548,2,163.35,0.047125,0,
616,10.7723,1,168.5,0.04861,0,
617,10.7898,1,164.05,0.047326,0,
618,10.8073,1,171.65,0.049519,0,
619,10.8248,0,,,0,
620,10.8423,0,,,0,
621,10.8598,0,,,0,
622,10.8772,0,,,0,
623,10.8947,1,213.69,0.061646,0,
624,10.9122,1,193.71,0.055883,0,
625,10.9297,1,170.0,0.049044,0,
626,10.9472,0,,,0,
627,10.9647,1,108.3,0.031244,1,0.0
628,10.9822,1,112.46,0.032443,1,0.0
629,10.9997,1,1110.41,0.32034,0,0.0
630,11.0171,1,1121.31,0.323484,0,0.0
631,11.0346,1,1123.54,0.324125,0,0.0
632,11.0521,0,,,0,
633,11.0696,0,,,0,
634,11.0871,0,,,0,
635,11.1046,1,1110.26,0.320295,0,
636,11.1221,1,1104.99,0.318775,0,
637,11.1396,0,,,0,
638,11.157,0,,,0,
639,11.1745,0,,,0,
640,11.192,0,,,0,
641,11.2095,0,,,0,
642,11.227,0,,,0,
643,11.2445,0,,,0,
644,11.262,0,,,0,
645,11.2795,0,,,0,
646,11.2969,0,,,0,
647,11.3144,0,,,0,
648,11.3319,0,,,0,
649,11.3494,1,1273.53,0.367397,0,
650,11.3669,1,1312.89,0.378751,0,
651,11.3844,1,1333.23,0.38462,0,
652,11.4019,1,1334.31,0.384931,0,
653,11.4194,0,,,0,
654,11.4368,0,,,0,
655,11.4543,0,,,0,
656,11.4718,0,,,0,
657,11.4893,0,,,0,
658,11.5068,0,,,0,
659,11.5243,0,,,0,
660,11.5418,0,,,0,
661,11.5593,0,,,0,
662,11.5767,0,,,0,
663,11.5942,1,1157.06,0.333798,0,
664,11.6117,0,,,0,
665,11.6292,0,,,0,
666,11.6467,1,1187.99,0.34272,0,
667,11.6642,2,1179.74,0.34034,0,
668,11.6817,0,,,0,
669,11.6992,0,,,0,
670,11.7166,0,,,0,
671,11.7341,0,,,0,
672,11.7516,0,,,0,
673,11.7691,0,,,0,
674,11.7866,0,,,0,
675,11.8041,0,,,0,
676,11.8216,0,,,0,
677,11.8391,0,,,0,
678,11.8565,0,,,0,
679,11.874,0,,,0,
680,11.8915,0,,,0,
681,11.909,0,,,0,
682,11.9265,0,,,0,
683,11.944,0,,,0,
684,11.9615,0,,,0,
685,11.979,0,,,0,
686,11.9965,0,,,0,
687,12.0139,1,1186.7,0.342348,0,
688,12.0314,1,1187.25,0.342505,0,
689,12.0489,0,,,0,
690,12.0664,0,,,0,
691,12.0839,0,,,0,
692,12.1014,0,,,0,
693,12.1189,0,,,0,
694,12.1364,1,1044.85,0.301426,0,
695,12.1538,1,1044.4,0.301296,0,
696,12.1713,0,,,0,
697,12.1888,1,1197.55,0.345478,0,
698,12.2063,1,1200.57,0.346349,0,
699,12.2238,0,,,0,
700,12.2413,0,,,0,
701,12.2588,0,,,0,
702,12.2763,0,,,0,
703,12.2937,0,,,0,
704,12.3112,0,,,0,
705,12.3287,0,,,0,
706,12.3462,0,,,0,
707,12.3637,1,1141.52,0.329312,0,
708,12.3812,0,,,0,
709,12.3987,0,,,0,
710,12.4162,0,,,0,
711,12.4336,0,,,0,
712,12.4511,0,,,0,
713,12.4686,0,,,0,
714,12.4861,0,,,0,
715,12.5036,0,,,0,
716,12.5211,0,,,0,
717,12.5386,0,,,0,
718,12.5561,0,,,0,
719,12.5735,0,,,0,
720,12.591,0,,,0,
721,12.6085,0,,,0,
722,12.626,0,,,0,
723,12.6435,0,,,0,
724,12.661,0,,,0,
725,12.6785,0,,,0,
726,12.696,1,1184.44,0.341694,0,
727,12.7134,0,,,0,
728,12.7309,0,,,0,
729,12.7484,0,,,0,
730,12.7659,0,,,0,
731,12.7834,0,,,0,
732,12.8009,0,,,0,
733,12.8184,0,,,0,
734,12.8359,0,,,0,
735,12.8533,0,,,0,
736,12.8708,0,,,0,
737,12.8883,0,,,0,
738,12.9058,0,,,0,
739,12.9233,0,,,0,
740,12.9408,0,,,0,
741,12.9583,0,,,0,
742,12.9758,0,,,0,
743,12.9932,0,,,0,
744,13.0107,0,,,0,
745,13.0282,0,,,0,
746,13.0457,0,,,0,
747,13.0632,0,,,0,
748,13.0807,0,,,0,
749,13.0982,0,,,0,
750,13.1157,0,,,0,
751,13.1331,0,,,0,
752,13.1506,0,,,0,
753,13.1681,0,,,0,
754,13.1856,0,,,0,
755,13.2031,0,,,0,
756,13.2206,0,,,0,
757,13.2381,0,,,0,
758,13.2556,0,,,0,
759,13.273,0,,,0,
760,13.2905,0,,,0,
761,13.308,0,,,0,
762,13.3255,0,,,0,
763,13.343,0,,,0,
764,13.3605,0,,,0,
765,13.378,0,,,0,
766,13.3955,0,,,0,
767,13.4129,0,,,0,
768,13.4304,0,,,0,
769,13.4479,0,,,0,
770,13.4654,0,,,0,
771,13.4829,0,,,0,
772,13.5004,0,,,0,
773,13.5179,0,,,0,
774,13.5354,0,,,0,
775,13.5528,0,,,0,
776,13.5703,0,,,0,
777,13.5878,0,,,0,
778,13.6053,0,,,0,
779,13.6228,0,,,0,
780,13.6403,0,,,0,
781,13.6578,0,,,0,
782,13.6753,0,,,0,
783,13.6927,0,,,0,
784,13.7102,0,,,0,
785,13.7277,0,,,0,
786,13.7452,0,,,0,
787,13.7627,0,,,0,
788,13.7802,0,,,0,
789,13.7977,0,,,0,
790,13.8152,0,,,0,
791,13.8326,0,,,0,
792,13.8501,0,,,0,
793,13.8676,0,,,0,
794,13.8851,0,,,0,
795,13.9026,0,,,0,
796,13.9201,0,,,0,
797,13.9376,0,,,0,
798,13.9551,0,,,0,
799,13.9725,0,,,0,
800,13.99,0,,,0,
801,14.0075,0,,,0,
802,14.025,0,,,0,
803,14.0425,2,1113.51,0.321234,0,
804,14.06,0,,,0,
805,14.0775,1,1113.89,0.321343,0,
806,14.095,1,1108.32,0.319734,0,
807,14.1124,0,,,0,
808,14.1299,0,,,0,
809,14.1474,0,,,0,
810,14.1649,0,,,0,
811,14.1824,0,,,0,
812,14.1999,0,,,0,
813,14.2174,0,,,0,
814,14.2349,0,,,0,
815,14.2523,1,1091.3,0.314825,0,
816,14.2698,1,1089.99,0.314447,0,
817,14.2873,0,,,0,
818,14.3048,0,,,0,
819,14.3223,1,1124.62,0.324438,0,
820,14.3398,1,1124.3,0.324346,0,
821,14.3573,0,,,0,
822,14.3748,0,,,0,
823,14.3922,0,,,0,
824,14.4097,0,,,0,
825,14.4272,0,,,0,
826,14.4447,0,,,0,
827,14.4622,0,,,0,
828,14.4797,0,,,0,
829,14.4972,0,,,0,
830,14.5147,0,,,0,
831,14.5321,0,,,0,
832,14.5496,0,,,0,
833,14.5671,0,,,0,
834,14.5846,0,,,0,
835,14.6021,0,,,0,
836,14.6196,0,,,0,
837,14.6371,0,,,0,
838,14.6546,0,,,0,
839,14.672,0,,,0,
840,14.6895,0,,,0,
841,14.707,0,,,0,
842,14.7245,0,,,0,
843,14.742,1,83.69,0.024143,0,
844,14.7595,1,84.78,0.024458,0,
845,14.777,0,,,0,
846,14.7945,0,,,0,
847,14.8119,1,88.83,0.025626,0,
848,14.8294,0,,,0,
849,14.8469,0,,,0,
850,14.8644,0,,,0,
851,14.8819,0,,,0,
852,14.8994,0,,,0,
853,14.9169,0,,,0,
854,14.9344,0,,,0,
855,14.9518,0,,,0,
856,14.9693,0,,,0,
857,14.9868,0,,,0,
858,15.0043,0,,,0,
859,15.0218,0,,,0,
860,15.0393,1,1092.55,0.315186,0,
861,15.0568,0,,,0,
862,15.0743,0,,,0,
863,15.0917,1,1063.47,0.306798,0,
864,15.1092,1,1057.31,0.305019,0,
865,15.1267,1,1058.09,0.305245,0,
866,15.1442,1,975.96,0.281552,0,
867,15.1617,1,996.38,0.287443,0,
868,15.1792,0,,,0,
869,15.1967,0,,,0,
870,15.2142,1,1042.8,0.300833,0,
871,15.2316,1,1045.08,0.30149,0,
872,15.2491,1,1062.46,0.306506,0,
873,15.2666,1,1053.15,0.30382,0,
874,15.2841,1,1037.08,0.299184,0,
875,15.3016,1,1046.58,0.301925,0,
876,15.3191,1,1047.95,0.302319,0,
877,15.3366,1,1029.12,0.296888,0,
878,15.3541,1,1032.39,0.29783,0,
879,15.3715,1,1018.54,0.293836,0,
880,15.389,1,1000.57,0.288652,0,
881,15.4065,1,955.72,0.275713,0,
882,15.424,1,973.99,0.280983,0,
883,15.4415,0,,,0,
884,15.459,0,,,0,
885,15.4765,0,,,0,
886,15.494,0,,,0,
887,15.5114,0,,,0,
888,15.5289,0,,,0,
889,15.5464,0,,,0,
890,15.5639,0,,,0,
891,15.5814,0,,,0,
892,15.5989,0,,,0,
893,15.6164,0,,,0,
894,15.6339,0,,,0,
895,15.6513,0,,,0,
896,15.6688,0,,,0,
897,15.6863,0,,,0,
898,15.7038,0,,,0,
899,15.7213,0,,,0,
900,15.7388,0,,,0,
901,15.7563,0,,,0,
902,15.7738,0,,,0,
903,15.7912,0,,,0,
904,15.8087,0,,,0,
905,15.8262,0,,,0,
906,15.8437,0,,,0,
907,15.8612,0,,,0,
908,15.8787,0,,,0,
909,15.8962,0,,,0,
910,15.9137,0,,,0,
911,15.9311,0,,,0,
912,15.9486,0,,,0,
913,15.9661,0,,,0,
914,15.9836,0,,,0,
915,16.0011,0,,,0,
916,16.0186,0,,,0,
917,16.0361,0,,,0,
918,16.0536,0,,,0,
919,16.071,0,,,0,
920,16.0885,0,,,0,
921,16.106,0,,,0,
922,16.1235,0,,,0,
923,16.141,0,,,0,
924,16.1585,0,,,0,
925,16.176,0,,,0,
926,16.1935,0,,,0,
927,16.2109,0,,,0,
928,16.2284,0,,,0,
929,16.2459,0,,,0,
930,16.2634,0,,,0,
931,16.2809,0,,,0,
932,16.2984,0,,,0,
933,16.3159,0,,,0,
934,16.3334,0,,,0,
935,16.3508,0,,,0,
936,16.3683,0,,,0,
937,16.3858,0,,,0,
938,16.4033,0,,,0,
939,16.4208,0,,,0,
940,16.4383,0,,,0,
941,16.4558,0,,,0,
942,16.4733,0,,,0,
943,16.4907,0,,,0,
944,16.5082,0,,,0,
945,16.5257,0,,,0,
946,16.5432,0,,,0,
947,16.5607,0,,,0,
948,16.5782,0,,,0,
949,16.5957,0,,,0,
950,16.6132,0,,,0,
951,16.6306,0,,,0,
952,16.6481,0,,,0,
953,16.6656,0,,,0,
954,16.6831,0,,,0,
955,16.7006,0,,,0,
956,16.7181,0,,,0,
957,16.7356,0,,,0,
958,16.7531,0,,,0,
959,16.7705,0,,,0,
960,16.788,0,,,0,
961,16.8055,0,,,0,
962,16.823,0,,,0,
963,16.8405,0,,,0,
964,16.858,0,,,0,
965,16.8755,0,,,0,
966,16.893,0,,,0,
967,16.9104,0,,,0,
968,16.9279,0,,,0,
969,16.9454,0,,,0,
970,16.9629,0,,,0,
971,16.9804,0,,,0,
972,16.9979,0,,,0,
973,17.0154,0,,,0,
974,17.0329,0,,,0,
975,17.0503,0,,,0,
976,17.0678,0,,,0,
977,17.0853,0,,,0,
978,17.1028,0,,,0,
979,17.1203,0,,,0,
980,17.1378,0,,,0,
981,17.1553,0,,,0,
982,17.1728,0,,,0,
983,17.1902,1,1085.09,0.313034,0,
984,17.2077,1,1097.34,0.316568,0,
985,17.2252,2,1088.94,0.314146,0,
986,17.2427,1,1098.59,0.31693,0,
987,17.2602,1,1099.45,0.317176,0,
988,17.2777,0,,,0,
989,17.2952,0,,,0,
990,17.3127,0,,,0,
991,17.3301,0,,,0,
992,17.3476,0,,,0,
993,17.3651,0,,,0,
994,17.3826,0,,,0,
995,17.4001,0,,,0,
996,17.4176,0,,,0,
997,17.4351,0,,,0,
998,17.4526,0,,,0,
999,17.47,0,,,0,
1000,17.4875,0,,,0,
1001,17.505,0,,,0,
1002,17.5225,0,,,0,
1003,17.54,0,,,0,
1004,17.5575,0,,,0,
1005,17.575,0,,,0,
1006,17.5925,0,,,0,
1007,17.6099,0,,,0,
1008,17.6274,0,,,0,
1009,17.6449,0,,,0,
1010,17.6624,0,,,0,
1011,17.6799,0,,,0,
1012,17.6974,0,,,0,
1013,17.7149,0,,,0,
1014,17.7324,0,,,0,
1015,17.7498,0,,,0,
1016,17.7673,0,,,0,
1017,17.7848,0,,,0,
1018,17.8023,0,,,0,
1019,17.8198,0,,,0,
1020,17.8373,0,,,0,
1021,17.8548,0,,,0,
1022,17.8723,0,,,0,
1023,17.8897,0,,,0,
1024,17.9072,0,,,0,
1025,17.9247,0,,,0,
1026,17.9422,0,,,0,
1027,17.9597,0,,,0,
1028,17.9772,0,,,0,
1029,17.9947,0,,,0,
1030,18.0122,0,,,0,
1031,18.0297,0,,,0,
1032,18.0471,0,,,0,
1033,18.0646,0,,,0,
1034,18.0821,0,,,0,
1035,18.0996,0,,,0,
1036,18.1171,0,,,0,
1037,18.1346,0,,,0,
1038,18.1521,0,,,0,
1039,18.1696,0,,,0,
1040,18.187,0,,,0,
1041,18.2045,0,,,0,
1042,18.222,0,,,0,
1043,18.2395,0,,,0,
1044,18.257,0,,,0,
1045,18.2745,0,,,0,
1046,18.292,0,,,0,
1047,18.3095,0,,,0,
1048,18.3269,0,,,0,
1049,18.3444,0,,,0,
1050,18.3619,0,,,0,
1051,18.3794,0,,,0,
1052,18.3969,0,,,0,
1053,18.4144,0,,,0,
1054,18.4319,0,,,0,
1055,18.4494,0,,,0,
1056,18.4668,0,,,0,
1057,18.4843,0,,,0,
1058,18.5018,0,,,0,
1059,18.5193,0,,,0,
1060,18.5368,0,,,0,
1061,18.5543,0,,,0,
1062,18.5718,0,,,0,
1063,18.5893,0,,,0,
1064,18.6067,0,,,0,
1065,18.6242,0,,,0,
1066,18.6417,0,,,0,
1067,18.6592,0,,,0,
1068,18.6767,0,,,0,
1069,18.6942,0,,,0,
1070,18.7117,0,,,0,
1071,18.7292,0,,,0,
1072,18.7466,0,,,0,
1073,18.7641,0,,,0,
1074,18.7816,0,,,0,
1075,18.7991,0,,,0,
1076,18.8166,0,,,0,
1077,18.8341,0,,,0,
1078,18.8516,0,,,0,
1079,18.8691,0,,,0,
1080,18.8865,0,,,0,
1081,18.904,0,,,0,
1082,18.9215,0,,,0,
1083,18.939,0,,,0,
1084,18.9565,0,,,0,
1085,18.974,0,,,0,
1086,18.9915,0,,,0,
1087,19.009,0,,,0,
1088,19.0264,0,,,0,
1089,19.0439,0,,,0,
1090,19.0614,0,,,0,
1091,19.0789,0,,,0,
1092,19.0964,0,,,0,
1093,19.1139,0,,,0,
1094,19.1314,0,,,0,
1095,19.1489,0,,,0,
1096,19.1663,1,1095.18,0.315944,0,
1097,19.1838,1,1093.01,0.315318,0,
1098,19.2013,1,1093.74,0.315529,0,
1099,19.2188,1,1092.83,0.315267,0,
1100,19.2363,1,1093.86,0.315563,0,
1101,19.2538,1,1092.22,0.315091,0,
1102,19.2713,1,1091.87,0.31499,0,
1103,19.2888,1,1092.27,0.315107,0,
1104,19.3062,1,1094.06,0.315621,0,
1105,19.3237,0,,,0,
1106,19.3412,0,,,0,
1107,19.3587,0,,,0,
1108,19.3762,0,,,0,
1109,19.3937,0,,,0,
1110,19.4112,0,,,0,
1111,19.4287,0,,,0,
1112,19.4461,0,,,0,
1113,19.4636,0,,,0,
1114,19.4811,0,,,0,
1115,19.4986,0,,,0,
1116,19.5161,0,,,0,
1117,19.5336,0,,,0,
1118,19.5511,0,,,0,
1119,19.5686,0,,,0,
1120,19.586,0,,,0,
1121,19.6035,0,,,0,
1122,19.621,0,,,0,
1123,19.6385,0,,,0,
1124,19.656,0,,,0,
1125,19.6735,0,,,0,
1126,19.691,0,,,0,
1127,19.7085,0,,,0,
1128,19.7259,0,,,0,
1129,19.7434,0,,,0,
1130,19.7609,0,,,0,
1131,19.7784,0,,,0,
1132,19.7959,0,,,0,
1133,19.8134,0,,,0,
1134,19.8309,0,,,0,
1135,19.8484,0,,,0,
1136,19.8658,0,,,0,
1137,19.8833,0,,,0,
1138,19.9008,0,,,0,
1139,19.9183,0,,,0,
1140,19.9358,0,,,0,
1141,19.9533,0,,,0,
1142,19.9708,0,,,0,
1143,19.9883,0,,,0,
1144,20.0057,0,,,0,
1145,20.0232,0,,,0,
1146,20.0407,0,,,0,
1147,20.0582,0,,,0,
1148,20.0757,0,,,0,
1149,20.0932,0,,,0,
1150,20.1107,0,,,0,
1151,20.1282,0,,,0,
1152,20.1456,0,,,0,
1153,20.1631,0,,,0,
1154,20.1806,0,,,0,
1155,20.1981,0,,,0,
1156,20.2156,0,,,0,
1157,20.2331,0,,,0,
1158,20.2506,0,,,0,
1159,20.2681,0,,,0,
1160,20.2855,0,,,0,
1161,20.303,0,,,0,
1162,20.3205,0,,,0,
1163,20.338,0,,,0,
1164,20.3555,1,1098.86,0.317006,0,
1165,20.373,1,1076.91,0.310673,0,
1166,20.3905,1,1080.9,0.311825,0,
1167,20.408,0,,,0,
1168,20.4254,0,,,0,
1169,20.4429,1,998.21,0.287969,0,
1170,20.4604,1,995.06,0.28706,0,
1171,20.4779,1,1023.77,0.295344,0,
1172,20.4954,1,1029.03,0.296861,0,
1173,20.5129,1,1030.22,0.297206,0,
1174,20.5304,1,1035.86,0.298833,0,
1175,20.5479,1,1056.91,0.304906,0,
1176,20.5653,1,1059.56,0.30567,0,
1177,20.5828,1,1055.92,0.304619,0,
1178,20.6003,1,1068.97,0.308382,0,
1179,20.6178,1,1066.07,0.307548,0,
1180,20.6353,0,,,0,
1181,20.6528,0,,,0,
1182,20.6703,0,,,0,
1183,20.6878,0,,,0,
1184,20.7052,1,1115.66,0.321852,0,
1185,20.7227,0,,,0,
1186,20.7402,0,,,0,
1187,20.7577,0,,,0,
1188,20.7752,0,,,0,
1189,20.7927,0,,,0,
1190,20.8102,0,,,0,
1191,20.8277,0,,,0,
1192,20.8451,0,,,0,
1193,20.8626,0,,,0,
1194,20.8801,0,,,0,
1195,20.8976,0,,,0,
1196,20.9151,0,,,0,
1197,20.9326,0,,,0,
1198,20.9501,1,1082.43,0.312267,0,
1199,20.9676,0,,,0,
1200,20.985,0,,,0,
1201,21.0025,0,,,0,
1202,21.02,0,,,0,
1203,21.0375,1,86.18,0.024861,0,
1204,21.055,1,88.77,0.025609,0,
1205,21.0725,1,90.14,0.026005,0,
1206,21.09,1,90.55,0.026123,0,
1207,21.1075,1,94.76,0.027337,0,
1208,21.1249,1,92.82,0.026777,0,
1209,21.1424,1,97.11,0.028014,0,
1210,21.1599,0,,,0,
1211,21.1774,0,,,0,
1212,21.1949,1,88.74,0.0256,0,
1213,21.2124,1,82.14,0.023697,0,
1214,21.2299,0,,,0,
1215,21.2474,1,81.39,0.02348,0,
1216,21.2648,3,85.35,0.024621,0,
1217,21.2823,2,90.57,0.026129,0,
1218,21.2998,1,1095.77,0.316116,0,
1219,21.3173,0,,,0,
1220,21.3348,0,,,0,
1221,21.3523,0,,,0,
1222,21.3698,1,1111.88,0.320761,0,
1223,21.3873,0,,,0,
1224,21.4047,0,,,0,
1225,21.4222,0,,,0,
1226,21.4397,0,,,0,
1227,21.4572,0,,,0,
1228,21.4747,0,,,0,
1229,21.4922,0,,,0,
1230,21.5097,0,,,0,
1231,21.5272,0,,,0,
1232,21.5446,0,,,0,
1233,21.5621,0,,,0,
1234,21.5796,0,,,0,
1235,21.5971,0,,,0,
1236,21.6146,0,,,0,
1237,21.6321,0,,,0,
1238,21.6496,0,,,0,
1239,21.6671,0,,,0,
1240,21.6845,1,1098.85,0.317004,0,
1241,21.702,1,1098.68,0.316953,0,
1242,21.7195,0,,,0,
1243,21.737,0,,,0,
1244,21.7545,0,,,0,
1245,21.772,0,,,0,
1246,21.7895,1,1108.88,0.319896,0,
1247,21.807,0,,,0,
1248,21.8244,0,,,0,
1249,21.8419,0,,,0,
1250,21.8594,0,,,0,
1251,21.8769,0,,,0,
1252,21.8944,0,,,0,
1253,21.9119,0,,,0,
1254,21.9294,0,,,0,
1255,21.9469,0,,,0,
1256,21.9643,0,,,0,
1257,21.9818,0,,,0,
1258,21.9993,0,,,0,
1259,22.0168,0,,,0,
1260,22.0343,0,,,0,
1261,22.0518,0,,,0,
1262,22.0693,0,,,0,
1263,22.0868,0,,,0,
1264,22.1042,0,,,0,
1265,22.1217,0,,,0,
1266,22.1392,0,,,0,
1267,22.1567,0,,,0,
1268,22.1742,0,,,0,
1269,22.1917,0,,,0,
1270,22.2092,0,,,0,
1271,22.2267,0,,,0,
1272,22.2441,0,,,0,
1273,22.2616,0,,,0,
1274,22.2791,0,,,0,
1275,22.2966,0,,,0,
1276,22.3141,0,,,0,
1277,22.3316,0,,,0,
1278,22.3491,0,,,0,
1279,22.3666,0,,,0,
1280,22.384,0,,,0,
1281,22.4015,0,,,0,
1282,22.419,0,,,0,
1283,22.4365,0,,,0,
1284,22.454,0,,,0,
1285,22.4715,0,,,0,
1286,22.489,0,,,0,
1287,22.5065,0,,,0,
1288,22.5239,0,,,0,
1289,22.5414,0,,,0,
1290,22.5589,0,,,0,
1291,22.5764,0,,,0,
1292,22.5939,0,,,0,
1293,22.6114,0,,,0,
1294,22.6289,0,,,0,
1295,22.6464,1,1122.54,0.323837,0,
1296,22.6638,0,,,0,
1297,22.6813,0,,,0,
1298,22.6988,0,,,0,
1299,22.7163,0,,,0,
1300,22.7338,0,,,0,
1301,22.7513,0,,,0,
1302,22.7688,0,,,0,
1303,22.7863,0,,,0,
1304,22.8037,0,,,0,
1305,22.8212,0,,,0,
1306,22.8387,0,,,0,
1307,22.8562,0,,,0,
1308,22.8737,0,,,0,
1309,22.8912,0,,,0,
1310,22.9087,0,,,0,
1311,22.9262,0,,,0,
1312,22.9436,0,,,0,
1313,22.9611,0,,,0,
1314,22.9786,0,,,0,
1315,22.9961,0,,,0,
1316,23.0136,0,,,0,
1317,23.0311,0,,,0,
1318,23.0486,0,,,0,
1319,23.0661,0,,,0,
1320,23.0835,0,,,0,
1321,23.101,0,,,0,
1322,23.1185,0,,,0,
1323,23.136,0,,,0,
1324,23.1535,0,,,0,
1325,23.171,0,,,0,
1326,23.1885,0,,,0,
1327,23.206,0,,,0,
1328,23.2234,0,,,0,
1329,23.2409,0,,,0,
1330,23.2584,0,,,0,
1331,23.2759,0,,,0,
1332,23.2934,0,,,0,
1333,23.3109,0,,,0,
1334,23.3284,0,,,0,
1335,23.3459,0,,,0,
1336,23.3633,0,,,0,
1337,23.3808,0,,,0,
1338,23.3983,0,,,0,
1339,23.4158,0,,,0,
1340,23.4333,0,,,0,
1341,23.4508,0,,,0,
1342,23.4683,0,,,0,
1343,23.4858,0,,,0,
1344,23.5032,0,,,0,
1345,23.5207,0,,,0,
1346,23.5382,0,,,0,
1347,23.5557,0,,,0,
1348,23.5732,0,,,0,
1349,23.5907,0,,,0,
1350,23.6082,0,,,0,
1351,23.6257,0,,,0,
1352,23.6431,0,,,0,
1353,23.6606,0,,,0,
1354,23.6781,0,,,0,
1355,23.6956,0,,,0,
1356,23.7131,0,,,0,
1357,23.7306,0,,,0,
1358,23.7481,0,,,0,
1359,23.7656,1,1054.9,0.304325,0,
1360,23.783,0,,,0,
1361,23.8005,1,1046.47,0.301894,0,
1362,23.818,1,1095.35,0.315994,0,
1363,23.8355,1,1086.61,0.313473,0,
1364,23.853,1,1083.62,0.31261,0,
1365,23.8705,1,1086.32,0.31339,0,
1366,23.888,1,1092.39,0.315139,0,
1367,23.9055,1,1094.63,0.315785,0,
1368,23.9229,1,1102.65,0.3181,0,
1369,23.9404,1,1093.61,0.315491,0,
1370,23.9579,0,,,0,
1371,23.9754,0,,,0,
1372,23.9929,1,1092.95,0.315301,0,
1373,24.0104,1,1101.01,0.317628,0,
1374,24.0279,0,,,0,
1375,24.0454,1,1104.85,0.318733,0,
1376,24.0629,0,,,0,
1377,24.0803,0,,,0,
1378,24.0978,0,,,0,
1379,24.1153,1,1085.2,0.313066,0,
1380,24.1328,1,1078.41,0.311107,0,
1381,24.1503,1,1078.49,0.311131,0,
1382,24.1678,1,1071.1,0.308999,0,
1383,24.1853,1,1065.95,0.307512,0,
1384,24.2028,0,,,0,
1385,24.2202,0,,,0,
1386,24.2377,0,,,0,
1387,24.2552,1,1021.47,0.294681,0,
1388,24.2727,0,,,0,
1389,24.2902,0,,,0,
1390,24.3077,0,,,0,
1391,24.3252,0,,,0,
1392,24.3427,0,,,0,
1393,24.3601,0,,,0,
1394,24.3776,1,991.87,0.286142,0,
1395,24.3951,0,,,0,
1396,24.4126,0,,,0,
1397,24.4301,0,,,0,
1398,24.4476,0,,,0,
1399,24.4651,0,,,0,
1400,24.4826,0,,,0,
1401,24.5,0,,,0,
1402,24.5175,0,,,0,
1403,24.535,0,,,0,
1404,24.5525,0,,,0,
1405,24.57,0,,,0,
1406,24.5875,0,,,0,
1407,24.605,0,,,0,
1408,24.6225,0,,,0,
1409,24.6399,0,,,0,
1410,24.6574,0,,,0,
1411,24.6749,0,,,0,
1412,24.6924,0,,,0,
1413,24.7099,0,,,0,
1414,24.7274,0,,,0,
1415,24.7449,0,,,0,
1416,24.7624,0,,,0,
1417,24.7798,0,,,0,
1418,24.7973,0,,,0,
1419,24.8148,0,,,0,
1420,24.8323,0,,,0,
1421,24.8498,0,,,0,
1422,24.8673,0,,,0,
1423,24.8848,0,,,0,
1424,24.9023,0,,,0,
1425,24.9197,0,,,0,
1426,24.9372,0,,,0,
1427,24.9547,0,,,0,
1428,24.9722,0,,,0,
1429,24.9897,0,,,0,
1430,25.0072,0,,,0,
1431,25.0247,0,,,0,
1432,25.0422,0,,,0,
1433,25.0596,0,,,0,
1434,25.0771,0,,,0,
1435,25.0946,0,,,0,
1436,25.1121,0,,,0,
1437,25.1296,0,,,0,
1438,25.1471,0,,,0,
1439,25.1646,0,,,0,
1440,25.1821,0,,,0,
1441,25.1995,0,,,0,
1442,25.217,0,,,0,
1443,25.2345,1,1416.13,0.408536,0,
1444,25.252,0,,,0,
1445,25.2695,0,,,0,
1446,25.287,0,,,0,
1447,25.3045,0,,,0,
1448,25.322,0,,,0,
1449,25.3394,0,,,0,
1450,25.3569,1,1265.33,0.365031,0,
1451,25.3744,1,1248.86,0.36028,0,
1452,25.3919,1,1279.77,0.369198,0,
1453,25.4094,1,1269.05,0.366104,0,
1454,25.4269,1,1265.19,0.364991,0,
1455,25.4444,1,1223.65,0.353007,0,
1456,25.4619,1,1187.16,0.342478,0,
1457,25.4793,0,,,0,
1458,25.4968,0,,,0,
1459,25.5143,0,,,0,
1460,25.5318,0,,,0,
1461,25.5493,0,,,0,
1462,25.5668,0,,,0,
1463,25.5843,0,,,0,
1464,25.6018,0,,,0,
1465,25.6192,0,,,0,
1466,25.6367,0,,,0,
1467,25.6542,0,,,0,
1468,25.6717,0,,,0,
1469,25.6892,0,,,0,
1470,25.7067,0,,,0,
1471,25.7242,0,,,0,
1472,25.7417,0,,,0,
1473,25.7591,0,,,0,
1474,25.7766,0,,,0,
1475,25.7941,0,,,0,
1476,25.8116,0,,,0,
1477,25.8291,0,,,0,
1478,25.8466,0,,,0,
1479,25.8641,0,,,0,
1480,25.8816,0,,,0,
1481,25.899,0,,,0,
1482,25.9165,0,,,0,
1483,25.934,0,,,0,
1484,25.9515,0,,,0,
1485,25.969,0,,,0,
1486,25.9865,0,,,0,
1487,26.004,0,,,0,
1488,26.0215,0,,,0,
1489,26.0389,0,,,0,
1490,26.0564,0,,,0,
1491,26.0739,0,,,0,
1492,26.0914,0,,,0,
1493,26.1089,0,,,0,
1494,26.1264,0,,,0,
1495,26.1439,0,,,0,
1496,26.1614,0,,,0,
1497,26.1788,0,,,0,
1498,26.1963,0,,,0,
1499,26.2138,0,,,0,
1500,26.2313,0,,,0,
1501,26.2488,0,,,0,
1502,26.2663,0,,,0,
1503,26.2838,0,,,0,
1504,26.3013,0,,,0,
1505,26.3187,0,,,0,
1506,26.3362,0,,,0,
1507,26.3537,0,,,0,
1508,26.3712,0,,,0,
1509,26.3887,0,,,0,
1510,26.4062,0,,,0,
1511,26.4237,0,,,0,
1512,26.4412,0,,,0,
1513,26.4586,0,,,0,
1514,26.4761,0,,,0,
1515,26.4936,0,,,0,
1516,26.5111,0,,,0,
1517,26.5286,0,,,0,
1518,26.5461,0,,,0,
1519,26.5636,0,,,0,
1520,26.5811,0,,,0,
1521,26.5985,0,,,0,
1522,26.616,0,,,0,
1523,26.6335,0,,,0,
1524,26.651,1,1178.27,0.339914,0,
1525,26.6685,1,1174.95,0.338956,0,
1526,26.686,1,1173.66,0.338584,0,
1527,26.7035,1,1169.66,0.337432,0,
1528,26.721,1,1175.29,0.339057,0,
1529,26.7384,1,1178.34,0.339934,0,
1530,26.7559,1,1180.71,0.34062,0,
1531,26.7734,1,1182.13,0.341028,0,
1532,26.7909,1,1184.12,0.341603,0,
1533,26.8084,1,1187.23,0.342499,0,
1534,26.8259,0,,,0,
1535,26.8434,1,1188.16,0.342769,0,
1536,26.8609,0,,,0,
1537,26.8783,0,,,0,
1538,26.8958,0,,,0,
1539,26.9133,0,,,0,
1540,26.9308,0,,,0,
1541,26.9483,0,,,0,
1542,26.9658,0,,,0,
1543,26.9833,0,,,0,
1544,27.0008,1,1227.81,0.354208,0,
1545,27.0182,1,1160.91,0.334906,0,
1546,27.0357,1,1162.99,0.335508,0,
1547,27.0532,0,,,0,
1548,27.0707,0,,,0,
1549,27.0882,0,,,0,
1550,27.1057,0,,,0,
1551,27.1232,0,,,0,
1552,27.1407,0,,,0,
1553,27.1581,0,,,0,
1554,27.1756,0,,,0,
1555,27.1931,0,,,0,
1556,27.2106,0,,,0,
1557,27.2281,0,,,0,
1558,27.2456,1,1248.66,0.360222,0,
1559,27.2631,1,1248.56,0.360194,0,
1560,27.2806,1,1258.08,0.362939,0,
1561,27.298,1,1258.87,0.363168,0,
1562,27.3155,1,1256.97,0.362619,0,
1563,27.333,1,1257.39,0.362741,0,
1564,27.3505,1,1237.88,0.357111,0,
1565,27.368,1,1235.19,0.356337,0,
1566,27.3855,1,1239.45,0.357564,0,
1567,27.403,1,1237.09,0.356883,0,
1568,27.4205,1,1236.06,0.356586,0,
1569,27.4379,1,1234.49,0.356135,0,
1570,27.4554,1,1231.44,0.355254,0,
1571,27.4729,1,1222.36,0.352634,0,
1572,27.4904,1,1227.17,0.354023,0,
1573,27.5079,1,1221.57,0.352407,0,
1574,27.5254,0,,,0,
1575,27.5429,1,1218.73,0.351587,0,
1576,27.5604,1,1218.55,0.351535,0,
1577,27.5778,1,1211.12,0.349391,0,
1578,27.5953,1,1211.67,0.34955,0,
1579,27.6128,1,1211.77,0.349579,0,
1580,27.6303,0,,,0,
1581,27.6478,8,70.54,0.02035,1,0.0
1582,27.6653,8,71.09,0.020509,1,0.0
1583,27.6828,6,79.22,0.022853,1,0.0
1584,27.7003,5,73.47,0.021196,1,0.0
1585,27.7177,7,86.57,0.024973,1,0.0
1586,27.7352,7,88.03,0.025394,1,0.0
1587,27.7527,5,118.23,0.034108,1,0.0
1588,27.7702,6,85.0,0.024521,1,0.0
1589,27.7877,6,85.99,0.024808,1,0.0
1590,27.8052,4,110.14,0.031774,1,0.0
1591,27.8227,5,100.11,0.028879,1,0.0
1592,27.8402,4,102.09,0.02945,1,0.0
1593,27.8576,4,102.4,0.029542,1,0.0
1594,27.8751,4,101.57,0.029302,1,0.0
1595,27.8926,5,102.67,0.029618,1,0.0
1596,27.9101,5,103.75,0.02993,1,0.0
1597,27.9276,6,124.02,0.035777,1,0.0
1598,27.9451,6,127.15,0.03668,1,0.0
1599,27.9626,6,127.12,0.036673,1,0.0
1600,27.9801,4,128.44,0.037055,1,0.0
1601,27.9975,5,165.17,0.047649,1,0.0
1602,28.015,5,165.86,0.047848,1,0.0
1603,28.0325,5,139.3,0.040186,1,0.0
1604,28.05,5,138.93,0.04008,1,0.0
1605,28.0675,5,162.36,0.046839,1,0.0
1606,28.085,5,162.33,0.046831,1,0.0
1607,28.1025,5,161.8,0.046677,1,0.0
1608,28.12,5,162.47,0.04687,1,0.0
1609,28.1374,5,162.16,0.046782,1,0.0
1610,28.1549,5,162.25,0.046806,1,0.0
1611,28.1724,5,162.18,0.046787,1,0.0
1612,28.1899,5,162.33,0.046831,1,0.0
1613,28.2074,5,162.29,0.046818,1,0.0
1614,28.2249,5,162.23,0.0468,1,0.0
1615,28.2424,5,162.29,0.046818,1,0.0
1616,28.2599,5,162.32,0.046826,1,0.0
1617,28.2773,5,165.4,0.047716,1,0.0
1618,28.2948,5,164.45,0.047443,1,0.0
1619,28.3123,5,164.48,0.047451,1,0.0
1620,28.3298,5,164.63,0.047492,1,0.0
1621,28.3473,5,164.6,0.047484,1,0.0
1622,28.3648,5,164.63,0.047494,1,0.0
1623,28.3823,5,164.6,0.047484,1,0.0
1624,28.3998,5,164.63,0.047494,1,0.0
1625,28.4172,5,164.6,0.047484,1,0.0
1626,28.4347,5,164.63,0.047494,1,0.0
1627,28.4522,5,164.6,0.047484,1,0.0
1628,28.4697,5,164.63,0.047494,1,0.0
1629,28.4872,5,164.6,0.047484,1,0.0
1630,28.5047,5,164.63,0.047494,1,0.0
1631,28.5222,5,164.6,0.047484,1,0.0
1632,28.5397,5,164.63,0.047494,1,0.0
1633,28.5571,5,164.6,0.047484,1,0.0
1634,28.5746,5,164.63,0.047494,1,0.0
1635,28.5921,5,164.6,0.047484,1,0.0
1636,28.6096,5,164.63,0.047494,1,0.0
1637,28.6271,5,164.6,0.047484,1,0.0
1638,28.6446,5,164.63,0.047494,1,0.0
1639,28.6621,5,164.6,0.047484,1,0.0
1640,28.6796,5,164.63,0.047494,1,0.0
1641,28.697,5,164.6,0.047484,1,0.0
1642,28.7145,5,164.63,0.047494,1,0.0
1643,28.732,5,164.6,0.047484,1,0.0
1644,28.7495,5,164.63,0.047494,1,0.0
1645,28.767,5,164.6,0.047484,1,0.0
1646,28.7845,5,164.63,0.047494,1,0.0
1647,28.802,5,164.6,0.047484,1,0.0
1648,28.8195,5,164.63,0.047494,1,0.0
1649,28.8369,5,164.6,0.047484,1,0.0
1650,28.8544,5,164.63,0.047494,1,0.0
1651,28.8719,5,164.6,0.047484,1,0.0
1652,28.8894,5,164.63,0.047494,1,0.0
1653,28.9069,5,164.6,0.047484,1,0.0
1654,28.9244,5,164.63,0.047494,1,0.0
1655,28.9419,5,164.6,0.047484,1,0.0
1656,28.9594,5,164.63,0.047494,1,0.0
1657,28.9768,5,164.6,0.047484,1,0.0
1658,28.9943,5,164.63,0.047494,1,0.0
1659,29.0118,5,187.06,0.053963,1,0.0
1660,29.0293,5,187.08,0.05397,1,0.0
1661,29.0468,5,187.1,0.053976,1,0.0
1662,29.0643,5,187.04,0.05396,1,0.0
1663,29.0818,5,187.05,0.053961,1,0.0
1664,29.0993,5,187.03,0.053957,1,0.0
1665,29.1167,5,186.98,0.05394,1,0.0
1666,29.1342,5,186.86,0.053906,1,0.0
1667,29.1517,5,186.87,0.053908,1,0.0
1668,29.1692,6,171.75,0.049546,1,0.0
1669,29.1867,6,171.78,0.049556,1,0.0
1670,29.2042,6,171.72,0.049539,1,0.0
1671,29.2217,6,171.71,0.049536,1,0.0
1672,29.2392,5,179.15,0.051681,1,0.0
1673,29.2566,5,178.97,0.051632,1,0.0
1674,29.2741,5,179.21,0.0517,1,0.0
1675,29.2916,5,188.23,0.054301,1,0.0
1676,29.3091,5,188.63,0.054417,1,0.0
1677,29.3266,5,182.68,0.052699,1,0.0
1678,29.3441,5,182.05,0.052518,1,0.0
1679,29.3616,5,182.43,0.052629,1,0.0
1680,29.3791,5,182.78,0.052728,1,0.0
1681,29.3965,5,182.91,0.052768,1,0.0
1682,29.414,5,183.38,0.052902,1,0.0
1683,29.4315,5,186.33,0.053753,1,0.0
1684,29.449,5,192.03,0.055399,1,0.0
1685,29.4665,5,192.42,0.05551,1,0.0
1686,29.484,5,192.44,0.055517,1,0.0
1687,29.5015,5,182.36,0.052609,1,0.0
1688,29.519,5,181.69,0.052416,1,0.0
1689,29.5364,5,190.13,0.054851,1,0.0
1690,29.5539,5,190.52,0.054961,1,0.0
1691,29.5714,5,190.39,0.054924,1,0.0
1692,29.5889,5,181.36,0.052319,1,0.0
1693,29.6064,5,181.98,0.0525,1,0.0
1694,29.6239,5,182.21,0.052565,1,0.0
1695,29.6414,5,182.1,0.052532,1,0.0
1696,29.6589,5,181.95,0.052491,1,0.0
1697,29.6763,5,190.69,0.055011,1,0.0
1698,29.6938,5,190.5,0.054957,1,0.0
1699,29.7113,5,190.64,0.054997,1,0.0
1700,29.7288,5,190.59,0.054982,1,0.0
1701,29.7463,5,190.8,0.055044,1,0.0
1702,29.7638,5,190.99,0.055097,1,0.0
1703,29.7813,5,190.8,0.055044,1,0.0
1704,29.7988,5,190.83,0.055052,1,0.0
1705,29.8162,5,191.28,0.055181,1,0.0
1706,29.8337,5,192.19,0.055446,1,0.0
1707,29.8512,5,192.03,0.055399,1,0.0
1708,29.8687,5,191.65,0.055288,1,0.0
1709,29.8862,5,191.34,0.0552,1,0.0
1710,29.9037,5,190.73,0.055023,1,0.0
1711,29.9212,5,190.44,0.05494,1,0.0
1712,29.9387,5,182.0,0.052505,1,0.0
1713,29.9562,5,190.32,0.054906,1,0.0
1714,29.9736,5,190.32,0.054905,1,0.0
